id,created_at,pub_name,location,price,date_of_visit,alumni_present,taste,texture,stickage,head_to_body_ratio,pub_character,overall_score,comments,submitted_by,latitude,longitude
1,2026-01-29T19:15:29.256+00:00,John Kehoe's,South (City),5.9,2022-08-12,"Adam, Cameron, Fred, Martin, Saul",9.3,9.4,8.3,9,8.8,8.96,,,53.3412166,-6.2594487
2,2026-01-29T19:15:29.256+00:00,The Long Hall,South (City),5.9,2022-06-30,"Cameron, Fred, Kevin, Martin, Manus, Saul",8.3,8.3,7.8,8.8,8.8,8.4,,,53.341872,-6.2653411
3,2026-01-29T19:15:29.256+00:00,The Palace Bar,South (City),5.9,,"Alan, Cameron, Saul, Sophie",8.4,8.3,7.9,8.9,8,8.3,"""What an excellent pint. Delish creamy pint and a lovely pub atmosphere which I would like to grow old in. A nice dublin pub"" - Sophie, ""coffee"" - Saul",,53.3458959,-6.2596134
4,2026-01-29T19:15:29.256+00:00,The Confession Box,North (City),5.5,2022-07-23,"Adam, Cameron, Martin, Saul",8.8,9.1,7.4,7.8,8.2,8.26,,,53.3503397,-6.2584407
5,2026-01-29T19:15:29.256+00:00,The Stag's Head,South (City),5.9,2022-06-30,"Cameron,  Fred, Kevin, Martin, Saul",8.7,8.4,7.6,7.7,8.6,8.2,,,53.3438332,-6.2635191
6,2026-01-29T19:15:29.257+00:00,Chaplins,South (City),5.5,2022-06-23,"Alan, Cameron, Martin, Saul",8,7.9,8.6,8.1,8,8.12,"Smooth yet slightly watery towards the end. A lovely sweet smell of coffee, a tad cold but excellent domage and a nice firm head. The stickage did wonders for the score of this pint and taste brought it up big time. Chaplin's is a lovely intimate vibe perfect for a few quiet ones with the lads in the evening and a few more lively pints at night. Staff are always friendly and you can tell the owners care about the place.",,53.3462093,-6.257185
7,2026-01-29T19:15:29.257+00:00,Bowe's,South (City),5.7,,"Adam, Cameron, Matthew, Saul, Sophie",8.4,8.3,8,8.1,7.8,8.12,"""nice tasty Guinness"" - Matthew",,53.3458246,-6.2578893
8,2026-01-29T19:15:29.257+00:00,Mooney's,North (City),5.7,2022-07-23,"Adam, Cameron, Martin, Saul",8.2,7.9,8.8,7.8,7.8,8.1,,,53.3231638,-6.3399519
9,2026-01-29T19:15:29.257+00:00,Uncle Tom's Cabin,South,5.5,,"Manus, Mark, Martin, Matthew, Saul",8,8,7.7,8.8,8,8.1,"""from the looks of it every man here had the name Mick"" - Martin, ""a cabin of dreams"" - Matthew, ""funny place"" - Manus",,53.2952304,-6.2465187
10,2026-01-29T19:15:29.257+00:00,The Manhattan (Raheny),North,5.9,2022-11-11,"Cameron, Mark, Martin, Podge",8.5,8,7.8,8,8.1,8.08,,,53.3806163,-6.1747492
11,2026-01-29T19:15:29.257+00:00,Annesley House ,North,4.8,2022-11-29,"Cameron, Martin, Matthew, Podge, Saul, Sophie",8.6,8.2,7.7,8.2,7.6,8.06,"""A truly Irish House.
Annesley House.
Crown Moldings.
Wall Molding.
Bar man drinking.
Old man sinking.
A happy place. 
A cheap pint.
A great find."" - Martin",,53.3596656,-6.2403446
12,2026-01-29T19:15:29.257+00:00,Paddy Kearney's,South (City),,2024-12-08,"Alan, Kevin, Martin, Saul",8.2,7.9,8.4,7.4,8.4,8.06,"""Ooh Ah Up The"" - Martin, ""RA"" - Alan",,53.3442729,-6.265415
13,2026-01-29T19:15:29.257+00:00,Patrick Carthy & Sons,North,5.4,2022-10-03,"Alan, Martin, Manus, Saul",8.6,8.5,8.9,8,6.1,8.02,,,53.3723372,-6.2522058
14,2026-01-29T19:15:29.257+00:00,The Dame Tavern,South (City),5.8,2022-06-30,"Cameron, Kevin, Martin, Manus, Saul",7.5,7.8,7.5,8.1,9.1,8,,,53.3438207,-6.263915
15,2026-01-29T19:15:29.257+00:00,Millmount House ,North,5,2022-09-18,"Alan, Matthew, Podge, Saul",8.3,8.1,8.5,7.7,7.4,8,,,53.3689023,-6.2553646
16,2026-01-29T19:15:29.257+00:00,The Glimmerman ,North,5.5,2022-08-10,"Martin, Matthew, Podge, Saul",7.5,7.7,7.9,7.9,8.7,7.94,,,53.33306,-6.24889
17,2026-01-29T19:15:29.257+00:00,Walsh's ,North,5.6,2022-08-10,"Martin, Matthew, Podge, Saul",8.5,7.8,7.1,8.4,7.9,7.94,,,53.3503879,-6.2816341
18,2026-01-29T19:15:29.257+00:00,Glynns,North (City),6.25,2025-09-13,"Adam, Cameron, Kevin, Mark, Martin, Saul",7.9,7.7,7.3,7.7,9,7.92,"""the most dublin pub of all time"" - Saul, ""the strippers have arrived"" - Cam, ""chlorine stench. Sour cranberries"" - Martin, ""the locals were so sweet"" - Adam",,53.3555164,-6.2659646
19,2026-01-29T19:15:29.257+00:00,O'Loughlin's,South,5,2022-10-15,"Mark, Martin, Matthew, Podge, Saul, Sophie",7.7,7.9,8.8,7.6,7.5,7.9,,,53.3638716,-6.2717602
20,2026-01-29T19:15:29.257+00:00,Doyle's,South (City),5.9,2022-07-13,"Adam, Cameron, Fred, Mark, Martin, Saul",7.7,7.7,7.6,7.9,8.4,7.86,,,53.3457748,-6.2574955
21,2026-01-29T19:15:29.257+00:00,Harry Byrne's,North,5.7,2022-09-22,"Cameron, Matthew, Podge, Saul, Sophie",7.9,7.6,7.6,8.2,8,7.86,,,53.3669897,-6.2164214
22,2026-01-29T19:15:29.257+00:00,Kitty Kiernan's,North,5.3,2022-10-20,"Adam, Cameron, Mark, Martin, Podge, Saul",8.4,7.9,6.8,8.4,7.7,7.84,,,53.376656,-6.2233211
23,2026-01-29T19:15:29.257+00:00,The Beachcomber,North,5.6,2022-10-20,"Cameron, Mark, Martin, Saul",7.9,7,8.6,8.3,7.3,7.82,,,53.3706961,-6.2061277
24,2026-01-29T19:15:29.257+00:00,McNeill's (Howth),North,5.5,,"Adam, Martin, Matthew, Saul",7.9,7.9,7.8,8.1,7.4,7.82,"""Alan is an idiot"" - Matthew, ""Got Sharked"" - Martin",,53.3846515,-6.0653171
25,2026-01-29T19:15:29.257+00:00,Mary's,South (City),5.9,2022-08-21,"Adam, Fred, Martin, Saul",8.4,7.8,7.2,7,8.7,7.82,,,53.3508705,-6.2589945
26,2026-01-29T19:15:29.257+00:00,The Flowing Tide ,North (City)      ,5.8,2022-11-24,"Adam, Cameron, Mark, Martin",7.9,7.8,7.5,7.7,8.2,7.82,,,53.3488432,-6.2578355
27,2026-01-29T19:15:29.257+00:00,Grogan's,South (City),5.95,2022-11-13,"Adam, Martin, Podge, Saul",8.1,8.1,7.6,7.6,7.6,7.8,,,53.3422403,-6.2627051
28,2026-01-29T19:15:29.257+00:00,Smyths,North,5.75,2023-12-10,"Alan, Fred, Kevin, Martin, Matthew, Podge, Saul",7.5,7.8,7.4,7.7,8.5,7.78,"""Is that your jacket 🙄"" - Martin, ""Hand dryer not branded but powerful"" - Padraig",,53.3496011,-6.2671154
29,2026-01-29T19:15:29.257+00:00,Kavanagh's (Clontarf),North,5.5,2022-12-12,"Cameron, Martin, Matthew, Podge, Saul",7.9,7.7,7.7,7.8,7.8,7.78,"""that'll do"" - Martin",,53.3657233,-6.2287038
30,2026-01-29T19:15:29.257+00:00,The Boar's Head,North (City),6.6,2023-10-20,"Martin, Matthew, Saul, Sophie",8,7.4,7.5,8.1,7.8,7.76,"""Capel st giving me that Asian flush (I did big poo after noodles)"" - Martin, ""The tourist table is the best spot in this place"" - Sophie",,53.3473737,-6.2685992
31,2026-01-29T19:15:29.257+00:00,Horse and Hound,North,5.9,2023-12-10,"Alan, Fred, Kevin, Martin, Matthew, Podge, Saul",7.8,7.4,7.4,8,8.2,7.76,"""They got KEVIN O’SULLIVAN to play. The KEVIN O’SULLIVAN. Yeah, that KEVIN O’SULLIVAN, the one they you’re thinking about. Famous singer KEVIN O’SULLIVAN. Shedding on the electric, KEVIN O’SULLIVAN. Not Adam O’Sullivan. KEVIN O’SULLIVAN"" - Martin, ""atc cooking styll"" - Padraig",,53.2609697,-6.1501632
32,2026-01-29T19:15:29.257+00:00,The Old Punch Bowl,South,6.5,2024-02-04,"Adam, Fred, Kevin, Mark, Martin, Podge, Saul, Sophie",7.6,7.2,7.7,8,8.3,7.76,"""Good decor and hagrid core"" - Padraig",,53.3087656,-6.1966601
33,2026-01-29T19:15:29.257+00:00,The Bridge Tavern,North,4.9,,"Alan, Cameron, Mark, Martin, Saul",7.5,7.1,7.3,8.6,8.2,7.74,"""u-n-i t-e-d United are the team for me"" - Saul, ""call an ambulance but not for me"" - Martin",,53.3572421,-6.2487969
34,2026-01-29T19:15:29.257+00:00,Cassidy's (Westmoreland),South (City),5.8,2022-07-13,"Adam, Fred, Martin, Saul",7.1,7.7,7.9,7.6,8.3,7.72,,,53.3463606,-6.2587368
35,2026-01-29T19:15:29.257+00:00,Dudley's,South (City),6.6,2024-11-22,"Cameron, Fred, Kevin, Martin, Ruairí, Saul",7.8,7.5,7.4,7.6,8.3,7.72,"""Walking stick theory wouldn't fly somewhere this woke"" - Martin. Note: Ruairí failed to rate H2B and Kevin failed to rate stickage",,53.3426549,-6.2789448
36,2026-01-29T19:15:29.257+00:00,Mulligan's,South (City),5.9,2022-06-23,"Alan, Cameron, Martin, Saul",8.4,8.4,6.3,7.2,8.3,7.72,"A regular haunt of mine, I know the barmen well and its been a Farrelly pub for generations. The atmosphere is always fantastic, just a classic of Dublin. The pint was smooth, creamy and well balanced. Nice temperature and deliciously malty for whatever reason, however it wasn't quite as good as expected, I've had better in there. The stickage was very poor and the head to body ratio wasn't up to the standards we've come to expect from Mulligan's",,53.3469594,-6.2555548
37,2026-01-29T19:15:29.257+00:00,Ukiyo**,South (City),6,2022-09-26,"Martin, Manus, Matthew, Sophie",8.4,7.9,6.8,8,7.5,7.72,,,53.33306,-6.24889
38,2026-01-29T19:15:29.257+00:00,Meagher's (Fairview),North,,,"Cameron, Mark, Podge, Saul",7.3,7.3,8,7.9,8.1,7.72,"""queit"" - Saul, ""Dómhnál is a crack head"" - Padraig",,53.3628286,-6.2422615
39,2026-01-29T19:15:29.257+00:00,Harkin's,South (City),5.4,,"Mark, Martin, Matthew, Saul",7.9,7.7,7,8.1,7.9,7.72,"Possibly invalid rating as Matthew failed to rate stickage. ""cosy vibe, feels like a Northside job. Smells like delicious"" - Martin, ""lovely stuff"" - Saul, ""oops forgot to send"" - Matthew",,53.3424988,-6.2885248
40,2026-01-29T19:15:29.257+00:00,The Foggy Dew,South (City),,,"Adam, Cameron, Martin, Saul",8,7.5,7.3,7.6,8.2,7.72,,,53.3444464,-6.2637392
41,2026-01-29T19:15:29.257+00:00,Devitt's,South (City),5.7,2022-10-25,"Cameron, Mark, Martin, Saul",7.6,7.5,8.3,7.4,7.7,7.7,,,53.3355526,-6.2655319
42,2026-01-29T19:15:29.257+00:00,Dunphy's,South,5.7,2022-10-15,"Cameron, Mark, Martin, Matthew, Manus, Podge, Sophie",7.9,7.9,6.4,7.6,8.6,7.68,"""""CHEAP.  CHEAP."" Goes the new born chick. I feel new born, new born as the birds that cry their cry. ""CHEAP. CHEAP"" they screech. I screech for the CHEAP pint. The CHEAP pint screech's for me. She is my cuckoo chick. She is my cuckoo newborn. A new baby given to me by elemental forces, forces of nature. I must provide"" - Martin",,53.2931964,-6.1388217
43,2026-01-29T19:15:29.257+00:00,Noctor's,North (City),5.5,2025-11-02,"Adam, Fred, Kevin, Rebecca",7,7.3,8.8,8.5,6.8,7.68,"""I would not go here if I was a migrant or gay. This is by far the dodgiest pub I've been to in Dublin, there's broken glass on the walls and Ireland flags outside."" - Kevin, ""toilets have no lid and woman beside me was groaning and shitting loudly"" - Rebecca",,53.3507552,-6.2448064
44,2026-01-29T19:15:29.257+00:00,Madigan's (O Connell St),North (City),6.3,,"Alan, Martin, Matthew, Saul",7.5,7.5,7.2,8.3,7.9,7.68,"""happy birthday Angela"" - Matthew, ""tooooooones"" - Saul",,53.3514196,-6.2605498
45,2026-01-29T19:15:29.257+00:00,Kennedy's,North,5.8,2022-09-18,"Alan, Matthew, Podge, Saul",7.9,6.8,7.4,7.8,8.4,7.66,,,53.3671102,-6.2559555
46,2026-01-29T19:15:29.257+00:00,Pebble Beach,North,5.7,2022-10-30,"Alan, Cameron, Mark, Matthew, Podge, Saul, Sophie",7.6,7.6,7.4,7.6,8.1,7.66,,,53.3594872,-6.1896797
47,2026-01-29T19:15:29.257+00:00,Fowlers,North,6.6,2023-12-10,"Alan, Fred, Kevin, Martin, Matthew, Podge",7.9,7.7,7.9,7.8,7,7.66,"""A strange mix of classy and tacky"" - Martin, ""Fantastic hand dryer"" - Padraig",,53.4513054,-6.1539054
48,2026-01-29T19:15:29.257+00:00,Paddy Cullen's,South,6.9,2024-12-18,"Alan, Cameron, Kevin, Manus, Mark, Martin, Matthew, Saul, Sadhbh N, Sophie",7.6,7.6,7.3,7.6,8.2,7.66,"""delicious snug keeps me warm in the soul"" - Cam, ""Merry Christmas"" - Sophie, ""Robocop"" - Martin, ""Pringles"" - Sadhbh N",,53.32922,-6.23083
49,2026-01-29T19:15:29.257+00:00,Grand Central,North (City),5.8,,"Alan, Martin, Matthew, Saul",7.7,7.8,7.9,8.1,6.8,7.66,"""swords security are going ham"" - Matthew",,53.3483224,-6.2591951
50,2026-01-29T19:15:29.257+00:00,Toners,South (City),6.6,2023-12-07,"Adam, Kevin, Martin, Saul",7.8,7.7,7.2,7.9,7.6,7.64,"""where’s ms toner 😉"" - Martin",,53.3375534,-6.252479
51,2026-01-29T19:15:29.257+00:00,Gaffney's,North,5.6,2022-11-29,"Cameron, Martin, Matthew, Podge, Saul, Sophie",7.5,7.7,7.6,7.7,7.7,7.64,"""my mam drinks her so much that the barmen asks where she is if she hasn't been that week"" - Martin",,53.3726601,-6.0580277
52,2026-01-29T19:15:29.257+00:00,The Old Stand,South (City),6.4,2023-07-20,"Adam, Kevin, Mark, Saul",8,7.6,7.1,8.1,7.4,7.64,"""decent spot"" - Saul",,53.3431336,-6.2621444
53,2026-01-29T19:15:29.257+00:00,Fagan's,North,5.7,2022-09-18,"Alan, Matthew, Podge, Saul",8,7.3,7.6,8,7.2,7.62,,,53.3674458,-6.2559681
54,2026-01-29T19:15:29.257+00:00,Cusack's,North,5.2,2022-11-29,"Cameron, Martin, Matthew, Podge, Saul, Sophie",8,7.8,7.4,7.1,7.8,7.62,"""Turned to potato fields but not born in them,
Was I, an Irish man
Born away from them I hear your cry?
Was I an Irish man?
However, I, a city slicker, have adopted and cradled this babe.
Showered her in vinegary goodness,
Showed her, her true potential.
Filfulled her final form, her fine foilly finish.
Forced her beyond my lips.
Cradled her in my palm.
Force and cradle. 
You call me Newton now.  But you haven't accessed the gravity of the situation. Potatoes can't fall on my head."" - Martin",,53.3574724,-6.2424219
55,2026-01-29T19:15:29.257+00:00,Kilmardinny Inn ,North,5.2,2022-06-25,"Adam, Fred, Kevin, Saul",8.4,7.5,7.4,8,6.7,7.6,"Very good clean taste, shame it lacked slightly in stickage because it was a fine tasting pint. Nice creamy pint with a solid texture, maybe a bit watery towards the end. Pub atmosphere was popping (Tá an t-atmaisféar leictreach). Everyone except Fred enjoyed themselves, barman was joking with Adam and there was a great local atmosphere about the place. We got picked on by the regulars but in a banter-y Irish way. This was during a quarter final in a GAA pub so we may have to revisit soon on a not GAA day. Low price was a plus.",,53.3912318,-6.2354271
56,2026-01-29T19:15:29.26+00:00,The Snug,South (City),4.7,2022-06-30,"Cameron, Fred, Kevin, Martin, Manus, Saul",8,7.7,7.1,7.8,7.4,7.6,,,53.5786509,-6.1095029
57,2026-01-29T19:15:29.26+00:00,Gibneys,North,6.8,2023-12-10,"Alan, Kevin, Martin, Matthew, Podge, Saul",7.5,7.5,7.4,7.9,7.6,7.58,"Had separate bars with difference prices (€7.00 and €6.60). Price is averaged between them. ""4 legs good, 1 leg better"" - Martin, ""Worst hand dryer but nice pub"" - Padraig",,53.4513197,-6.1536649
58,2026-01-29T19:15:29.26+00:00,Cassidy's (Camden),South (City),5.7,2022-10-25,"Cameron, Mark, Martin, Saul",7.7,6.9,8.7,7.7,6.8,7.56,,,53.3340616,-6.2649375
59,2026-01-29T19:15:29.26+00:00,McGrattans,South (City),5.9,2023-12-07,"Adam, Kevin, Martin, Saul",7.4,7,7,7.7,8.7,7.56,"""SEAN DYCHE MASTERCLASS"" - Martin",,53.3386201,-6.2511705
60,2026-01-29T19:15:29.26+00:00,Fitzgeralds of Sandycove,South,,2025-06-27,"Cameron, Martin, Matthew, Saul",7.5,7.2,7.2,8.2,7.7,7.56,"""I was promised 9 euro meals"" - Martin",,53.2859402,-6.1186117
61,2026-01-29T19:15:29.26+00:00,Padraig Pearse,South (City),5,2022-11-13,"Adam, Martin, Podge, Saul",7.5,7.2,7.3,8.3,7.4,7.54,,,53.3433493,-6.2447418
62,2026-01-29T19:15:29.26+00:00,The Hut,North,5.4,2022-12-23,"Adam, Matthew, Podge, Saul",7.5,7.1,7.4,7.9,7.8,7.54,"Sophie's rating removed as she failed to rate stickage. ""A lovely pub atmosphere, I would like to be an old man here"" - Sophie, ""lovely"" - Saul, ""lil bit small"" - Padraig",,53.3610075,-6.2725355
63,2026-01-29T19:15:29.26+00:00,Doheny & Nesbitt,South (City),6.7,2023-12-07,"Adam, Kevin, Martin, Saul",8,7.7,7.2,7.4,7.4,7.54,"""spurs are wining"" - Martin",,53.338089,-6.2528851
64,2026-01-29T19:15:29.26+00:00,Brogans,South (City),6.7,2024-12-08,"Alan, Kevin, Martin, Saul, Sophie",7.8,7.8,6.1,8,7.9,7.52,"""nice old man pub"" - Alan, ""This pub is odorous"" - Kevin, ""Arkbar of Dame St"" - Martin",,53.3443726,-6.2663454
65,2026-01-29T19:15:29.26+00:00,O'Donoghue's (Merrion Row),South (City),6.6,2023-12-07,"Adam, Kevin, Martin, Saul",7.1,7.6,7.6,7.5,7.8,7.52,,,53.3381718,-6.2541694
66,2026-01-29T19:15:29.26+00:00,Cleary's,North (City),5.8,2024-10-04,"Cameron, Fred, Kevin, Mark, Sadhbh N, Saul, Sophie",7.8,7.2,6.9,7.9,7.7,7.5,"""Lovely pub"" - Sophie, ""I enjoyed the second mysterious room"" - Sadhbh N",,53.3416481,-6.3213608
67,2026-01-29T19:15:29.26+00:00,Swift's,South (City),6.2,2024-11-22,"Cameron, Fred, Kevin, Martin, Saul",7.6,7.4,6.6,7.8,8.1,7.5,"""these lamps"" - Cam, ""Walking stick theory wouldn't fly somewhere this woke"" - Martin",,53.4061669,-6.21455
68,2026-01-29T19:15:29.26+00:00,The Lark Inn,South (City),5,2024-11-22,"Cameron, Fred, Kevin, Martin, Ruairí, Saul",7.7,7.1,7.5,7.7,7.5,7.5,"""I'm amazed this pub exists. Feels like it should be in Kilbarrack or Raheny but it's in the Liberties"" - Kevin, ""Lark Inn is Ireland for the Irish protest vibes"" - Ruairi, ""Junkies by the door, blubber in the corner, 5 quid pints, a real Dublin number"" - Martin",,53.341684,-6.278673
69,2026-01-29T19:15:29.26+00:00,Connolly's (Sheds),North,5.5,2022-10-30,"Alan, Cameron, Matthew, Podge, Saul",7.9,7.7,6.4,7.9,7.4,7.46,,,53.3592236,-6.195496
70,2026-01-29T19:15:29.26+00:00,Arthur's Blues and Jazz Club,South (City),6.75,2024-11-22,"Cameron, Fred, Martin, Saul",7.6,7.3,6.8,8.2,7.4,7.46,"""needlessly large disoranno is a safety hazard"" - Cam

""A pint with influences ranging from Led Zeppelin to Wayne Shorter, including Miles Davis, Hendrix, and Satie.

""Farrelly glides through the pint with a superb sense of confidence…"" - Jazz Times

""Bullshit expert Phelan, capitalizes on his considerable gifts as an improviser, interpreter, and sonic trailblazer…"" - Downbeat Magazine"" - Martin",,53.3431265,-6.2817019
71,2026-01-29T19:15:29.26+00:00,Clarke's,North,5.7,2023-12-16,"Fred, Kevin, Martin, Podge, Saul, Sophie",7.7,7.6,7.3,8,6.6,7.44,"""UTFR"" - Padraig",,53.3588257,-6.2734242
72,2026-01-29T19:15:29.26+00:00,Harbourmaster,North (City),6.7,,"Adam, Fred, Martin, Saul",7.8,7.4,7.4,7.6,7,7.44,"""this pub feels like it should be in Howth, not beside connolly"" - Saul, ""€6.70? Come on lads, it’s next to Junkie HQ. Man’s gotta eat"" - Martin",,53.3499939,-6.2490572
73,2026-01-29T19:15:29.26+00:00,The 1884,North,5.8,2022-07-09,"Adam, Fred, Kevin, Martin",7.1,6.6,8.1,7.9,7.5,7.44,,,53.3676818,-6.2268699
74,2026-01-29T19:15:29.26+00:00,Bar Rua,South (City),6.6,2023-07-20,"Adam, Mark, Matthew, Saul",7.8,7.3,7.4,7.4,7.1,7.4,"""nice"" - Saul",,53.33306,-6.24889
75,2026-01-29T19:15:29.26+00:00,Harbour Bar,North,6.4,2025-01-19,"Cameron, Matthew, Saul, Sophie",7.2,7.3,6.9,7.3,8.3,7.4,"""Pub fire [heart eyes emoji x 3]"" - Sophie",,53.3870047,-6.0663234
76,2026-01-29T19:15:29.26+00:00,Clarke's City Arms,North,5.9,2025-07-19,"Adam, Cameron, Kevin, Mark, Martin, Matthew, Saul",7.8,7.4,6.3,7.5,7.8,7.36,"""Willa whites chocolate homunculus"" - Martin",,53.3560081,-6.2880925
77,2026-01-29T19:15:29.26+00:00,Hedigans (Brian Boru),North,,2022-12-23,"Cameron, Podge, Saul, Sophie",7.5,7.3,8,6.9,6.9,7.32,"""Adam is rattled"" - Saul, ""Here for 12 pubs but feels like a place I'd bring fam to"" - Sophie, ""martin is a menace"" - Padraig",,53.3652169,-6.2721755
78,2026-01-29T19:15:29.26+00:00,The Ardlea Inn,North,,2023-11-25,"Adam, Fred, Kevin, Martin, Saul",7.9,7.6,7.7,6.7,6.7,7.32,"""big black yoke on my glass, might have improved the taste cause it tested pretty pretty good"" - Martin",,53.3866526,-6.2115954
79,2026-01-29T19:15:29.26+00:00,Duffys,North,6.1,2023-12-10,"Alan, Fred, Kevin, Martin, Matthew, Podge, Saul",7.6,7.4,6.6,7.7,7.3,7.32,"""Beating Newcastle isn't for everyone"" - Martin, ""Hand dryer not as good but still lovely"" - Padraig",,53.4507081,-6.1543875
80,2026-01-29T19:15:29.26+00:00,The Summit Inn,North,6.4,2025-01-19,"Cameron, Matthew, Saul, Sophie",7.7,7.5,6.8,7.6,7,7.32,"""delicious veggie burger"" - Sophie",,53.3726601,-6.0580277
81,2026-01-29T19:15:29.26+00:00,Hynes' Bar,North,6.4,2025-07-19,"Adam, Cameron, Kevin, Mark, Martin, Matthew, Saul",7.5,6.8,6.7,7.6,8,7.32,"""food is unreal"" - Adam, """"Every man's dream is to turn a lesbian straight"""" - Saul, ""A pub that allows dogs is either the wokest or least woke pub you've ever been to"" - Martin",,53.3542507,-6.2868028
82,2026-01-29T19:15:29.26+00:00,The International ,South (City),6.5,,"Adam, Cameron, Fred, Mark, Saul",7.1,7.8,6.6,7.8,7.3,7.32,"""howdy cowboy"" - Adam, ""spenny"" - Saul, ""he poured my pint into a used unwashed glass i saw him just pick up"" - Mark",,53.3431285,-6.2618075
83,2026-01-29T19:15:29.26+00:00,The Bar (Guinness)**,South (City),,,"Adam, Cameron, Fred, Saul",7.7,7.5,6.5,7.6,7.3,7.32,"""Everton supporters club"" - Saul",,53.33306,-6.24889
84,2026-01-29T19:15:29.26+00:00,Meagher's (Quays),North (City),6,2022-11-24,"Adam, Cameron, Mark, Martin",7.3,7.1,7,7.7,7.4,7.3,,,53.347878,-6.258649
85,2026-01-29T19:15:29.26+00:00,The Goblet,North,6,2023-11-25,"Adam, Fred, Kevin, Martin, Saul",7.3,7.1,7,7.6,7.5,7.3,"""Preston is gud"" - Martin",,53.3803132,-6.2100929
86,2026-01-29T19:15:29.26+00:00,The Lower Deck,South (City),6.15,2024-12-07,"Cameron, Fred, Kevin, Mark, Matthew, Sadhbh D, Sadhbh N, Saul, Sophie",7.5,7.3,6.1,7.8,7.8,7.3,,,53.330686,-6.2652379
87,2026-01-29T19:15:29.26+00:00,The Hideout House,North,5.3,2025-11-16,"Alan, Cameron, Kevin, Martin, Saul, Sophie SB",7.3,7.7,7.2,8.1,6.2,7.3,"""kinda feels like an American sports bar"" - Kevin, ""dead pintmen"" - Martin, ""that man was almost horizontal"" - Alan",,53.3597079,-6.2570166
88,2026-01-29T19:15:29.26+00:00,The Ginger Man,South (City),6.6,,"Adam, Kevin, Matthew, Saul",7.5,7.3,6.8,7,7.9,7.3,,,53.3418989,-6.2495172
89,2026-01-29T19:15:29.26+00:00,Dundrum House,South,5.8,,"Manus, Matthew, Mark, Martin, Saul",7.7,7.1,7.2,7.9,6.6,7.3,"""Saul is landlord scum"" - Martin, ""standing up is sad when there's a seat beside me"" - Matthew, ""pint"" - Saul, ""possibly the most generic pub ever, it’s like it was created for a movie set"" - Manus",,53.2893985,-6.2433101
90,2026-01-29T19:15:29.26+00:00,McGeough's (The Bohemian),North,5.4,2022-12-23,"Adam, Fred, Matthew, Saul",7.3,7,7,7.5,7.6,7.28,"Discounted Padraig's rating as he failed to rate stickage. ""gas ⛽"" - Saul, ""mulled wine in the kettle"" - Matthew
",,53.3610598,-6.2731153
91,2026-01-29T19:15:29.26+00:00,Darkey Kelley's,South (City),7,2025-01-25,"Fred, Kevin, Matthew, Saul",7.3,7.3,7.1,6.9,7.8,7.28,,,53.33306,-6.24889
92,2026-01-29T19:15:29.26+00:00,Kodiak,South (City),6.3,2023-05-18,"Kevin, Martin, Matthew, Saul, Sophie",6.9,7,6.7,7.7,8,7.26,"""I can BEARly contain my excitement"" - Martin, ""me gusta"" - Saul",,53.3218115,-6.2656362
93,2026-01-29T19:15:29.26+00:00,The Duke,South (City),5.8,2022-08-21,"Adam, Cameron, Fred, Martin, Saul",7.4,7.5,6.2,7.2,7.9,7.24,,,53.3419649,-6.258728
94,2026-01-29T19:15:29.26+00:00,The Barbers Bar,North,6.4,2025-05-10,"Adam, Alan, Cameron, Martin, Rachael, Sadhbh D",7.5,7,6.5,6.7,8.5,7.24,"""I love the dogs"" - Sadhbh D, ""Pathway pint"" - Martin",,53.3521548,-6.2798134
95,2026-01-29T19:15:29.26+00:00,The Cat and Cage,North,5.4,2022-06-27,"Fred, Kevin, Martin, Saul",7.7,7,6.6,6.8,8.1,7.24,"A little on the thin side and no real creaminess in the head. Taste is of a good quality and having the option of setting up a tab is nice. Stickage and Head to Body Ratio (HBD) were let downs. Pizza is top quality (not taken into our scores but good to note) and there’s a very handsome barman named Manus. Non-descript, average pint aside from a standout malty taste. Very solid pub character consisting of friendly staff and calming jazz/funk playing in the background. Decor was a little too bougie bar-like for my tastes. Pub is very comfortable and nice. Good atmosphere for a Monday afternoon.",,53.371195,-6.2531873
96,2026-01-29T19:15:29.26+00:00,Keelings,North,6.2,2023-12-10,"Alan, Fred, Kevin, Martin, Matthew, Podge, Saul",7.4,7.2,7.9,8,5.6,7.22,"""I’ve missed the groove, I was shitting too much. I wanted to dance but my bowels have foiled me once again. Their was a live band when I arrived yet upon post my bottom wipe it was no more. I saw the drums packing up and the cables rolled. My bowel might be empty but so is my heart"" - Martin, ""No comment on hand dryers"" - Padraig",,53.4398964,-6.2839685
97,2026-01-29T19:15:29.26+00:00,Frank Ryan's,North (City),6,,"Adam, Fred, Martin, Saul",6.8,6.9,7.1,7.5,7.8,7.22,"""Better than Decarteret I suppose"" - Martin, ""it is dark in here"" - Saul",,53.3470056,-6.2800493
98,2026-01-29T19:15:29.26+00:00,Whelan's,South (City),5.9,2022-07-28,"Adam, Cameron, Martin, Saul",6.8,7,6.5,7.3,8.4,7.2,,,53.3365949,-6.2658748
99,2026-01-29T19:15:29.26+00:00,The Auld Triangle,North (City),4.5,,"Adam, Fred, Podge, Saul",7.6,7.3,5.3,7.9,7.9,7.2,"""had to stand love the ra vibe"" - Padraig",,53.3590282,-6.2615842
100,2026-01-29T19:15:29.26+00:00,O'Neill's (Suffolk St.),South (City),6,,"Adam, Martin, Matthew, Saul",7.7,7.6,6.2,7.4,7.1,7.2,"""this is a pub"" - Saul, ""Johnny Sexton has his own taps"" - Matthew",,53.3438336,-6.260743
101,2026-01-29T19:15:29.26+00:00,Ryan's,South (City),6,2022-07-28,"Adam, Cameron, Martin, Saul",7,7,7.5,6.6,7.8,7.18,,,53.3502777,-6.2529323
102,2026-01-29T19:15:29.26+00:00,John Kavanagh The Gravediggers,North,6.1,2024-07-14,"Adam, Cameron, Fred, Kevin, Mark, Martin, Podge, Sadhbh N, Saul, Rachael",7.3,7.2,6.7,7.3,7.4,7.18,,,53.3696571,-6.2719298
103,2026-01-29T19:15:29.26+00:00,Brewdock,North (City),6.5,2024-10-04,"Cameron, Fred, Kevin, Mark, Matthew, Sadhbh N, Saul",7.4,7.4,6.5,7.5,7.1,7.18,,,53.33306,-6.24889
104,2026-01-29T19:15:29.26+00:00,The Bloody Stream,North,6.6,2025-02-01,"Adam, Cameron, Fred, Kevin, Matthew, Podge",7.3,7.1,6.9,7.2,7.4,7.18,"""I didn't fall asleep this time"" - Padraig",,53.3889795,-6.0743615
105,2026-01-29T19:15:29.26+00:00,Harry's on the Green**,South (City),,,"Adam, Cameron, Fred, Mark, Saul",7.6,7.5,6.7,7.2,6.9,7.18,,,53.33306,-6.24889
106,2026-01-29T19:15:29.26+00:00,Kealy's,North,6.2,2024-01-08,"Kevin, Martin, Podge, Saul",7.7,6.8,5.8,7.8,7.7,7.16,"""Annual clash of clan's conference"" - Martin, ""Yummy food"" - Padraig",,53.4250159,-6.2299679
107,2026-01-29T19:15:29.26+00:00,The Watermill Bar,North,5.9,2022-11-11,"Cameron, Mark, Martin,  Manus, Podge",7.3,7.8,6.4,7.7,6.6,7.16,,,53.33306,-6.24889
108,2026-01-29T19:15:29.26+00:00,The Crowbar,South (City),6.5,2022-11-22,"Mark, Martin, Matthew, Saul",6,6.5,8.2,8,7.1,7.16,,,53.3450768,-6.2643305
109,2026-01-29T19:15:29.26+00:00,The Lord Edward,South (City),6.5,2025-01-25,"Cameron, Fred, Kevin, Mark, Matthew, Sadhbh N, Saul, Sophie",7.8,7.4,5.5,7,8.1,7.16,Rating may be invalid as Fred failed to rate H2B,,53.3431186,-6.2700507
110,2026-01-29T19:15:29.26+00:00,Delaney's ,North (City),5.5,,"Mark, Martin, Podge, Saul",7.2,7.2,6.6,7.3,7.4,7.14,"Possible invalid rating as Saul did not rate stickage. ""suit of armour"" - Martin, ""too many lamps"" - Padraig, ""robot wars"" - Saul",,53.3498059,-6.2784995
111,2026-01-29T19:15:29.26+00:00,The Viscount,North,5.5,2022-09-23,"Martin, Matthew, Saul, Sophie",7.4,7,7.4,7.6,6.2,7.12,,,53.380978,-6.2458597
112,2026-01-29T19:15:29.26+00:00,Peter's Pub,South (City),,2025-11-08,"Cameron, Kevin, Ruairí, Saul",7.4,7.2,6.4,7.3,7.2,7.1,"""bambino queue too long"" - Kevin, ""Accidentally ordered two pints of Guinness"" - Ruairí, ""extra pub points for the fact that we all got stools"" - Cam",,53.3408989,-6.2632155
113,2026-01-29T19:15:29.26+00:00,James Connolly's,North (City),5.75,2022-11-24,"Adam, Cameron, Mark, Martin",7,7.2,7,7.2,7,7.08,,,53.3313959,-6.3973576
114,2026-01-29T19:15:29.26+00:00,The Christchurch Inn,South (City),6.7,2025-01-25,"Cameron, Kevin, Matthew, Sadhbh N, Saul, Sophie",7.6,7.1,7.2,7.5,6,7.08,,,53.343357,-6.2733279
115,2026-01-29T19:15:29.26+00:00,O'Donoghue's (Suffolk Street),South (City),7.3,2025-11-08,"Cameron, Kevin, Ruairí, Saul",7.1,6.8,6.7,7.6,7.2,7.08,"""this is one of the warmest pubs I've ever sat in. lovely smoking balcony tho. we got chatting to a nice French man named Jules"" - Kevin, ""I'm a sweaty mess and this pint is cooling me"" - Cam",,53.3434465,-6.2596844
116,2026-01-29T19:15:29.26+00:00,Brannigans,North (City),5.7,,"Alan, Matthew, Saul, Sophie",6.7,6.6,7.6,7.8,6.7,7.08,"""This place smells so bad"" - Sophie, ""small pub with a weird smell"" - Matthew",,53.3503851,-6.259788
117,2026-01-29T19:15:29.26+00:00,The Cedar,North,5.35,2022-11-11,"Cameron, Mark, Martin, Podge",7.4,6.9,7,7.3,6.7,7.06,,,53.2925862,-6.1902723
118,2026-01-29T19:15:29.26+00:00,O'Reilly's (Sandymount),South,6.2,2024-02-04,"Fred, Kevin, Martin, Matthew, Podge, Saul, Sophie",7.4,7.3,6.8,6.6,7.2,7.06,"""lots of sport nik naks"" - Padraig",,53.3328247,-6.2152427
119,2026-01-29T19:15:29.26+00:00,The Wicked Wolf,South,,2024-02-04,"Fred, Kevin, Mark, Podge, Saul, Sophie",7.3,6.5,7.1,7.4,7,7.06,"""bar not a pub"" - Padraig, ""It smells like fire in here and the toilets stink"" - Sophie",,53.3019262,-6.1780007
120,2026-01-29T19:15:29.26+00:00,Lloyd's,North (City),5.5,2024-10-04,"Cameron, Fred, Mark, Sadhbh N, Saul",6.8,6.9,7,7.1,7.5,7.06,"""toooones"" - Saul, ""welcomed in through the side door"" - Sadhbh N",,53.3526684,-6.2492558
121,2026-01-29T19:15:29.26+00:00,Blackbird,South,6.7,2024-12-07,"Fred, Kevin, Sadhbh D, Sophie",7.3,6.8,6.8,7.2,7.2,7.06,"""Not only is the music too loud but the tables are massive so no one can hear each other"" - Kevin, ""Happy Birthday Sophie"" - Sadhbh D, ""Nice bar but too loud"" - Sophie",,53.3268571,-6.264612
122,2026-01-29T19:15:29.26+00:00,Grace's,South (City),6.1,2023-05-18,"Cameron, Kevin, Matthew, Saul, Sophie",7.2,7.4,5.6,7.6,7.4,7.04,"""This is the greatest pub I have ever been to, the only negative is that Martin is not here to experience this exceptional abode of Guinness sorcery"" - Cameron",,53.3218142,-6.2664357
123,2026-01-29T19:15:29.26+00:00,Egan's,South (City),6.9,2025-08-15,"Adam, Cameron, Fred, Kevin, Martin, Matthew, Podge, Sadhbh N, Saul, Sophie, Thomas",7.4,6.9,6.3,7.4,7.2,7.04,"""The woke mob can produce a decent pint but they know how to charge"" - Martin, ""sweatyyy"" - Sadhbh N, ""second pint was better"" - Thomas, ""For this establishment, it's a way better pint than you expect"" - Adam and Lily, ""Liverpool 4 Bournemouth 2"" - Adam, ""Too warm and no way to dry your hands in bathroom"" - Padraig",,53.3669917,-6.2665994
124,2026-01-29T19:15:29.26+00:00,Bleecker Street Bar,North,6.9,2025-11-16,"Kevin, Martin, Saul, Sophie SB",7.4,6.6,6.5,7.6,7.1,7.04,"""bottom of the list so she is"" - Martin",,53.3571762,-6.2638976
125,2026-01-29T19:15:29.26+00:00,Guinness Storehouse Gravity Bar*,South (City),0,,"Mark, Martin, Matthew, Saul",6.7,7,6.8,7.2,7.5,7.04,"Possibly invalid rating as Saul failed to rate stickage. ""decent view tbf"" - Saul, ""much busier so worse quality of pint but made up for by great view"" - Matthew, ""sour sour, happy hour, I did devour. Dower, dower, not a wower. Served to me in a Guinness tower"" - Martin",,53.33306,-6.24889
126,2026-01-29T19:15:29.26+00:00,The Lighthouse,South,5.8,2022-10-15,"Cameron, Mark, Martin, Matthew, Podge, Saul, Sophie",6.6,6.9,7.1,6.9,7.6,7.02,,,53.2946865,-6.1404515
127,2026-01-29T19:15:29.26+00:00,The Roundabout,North,5.75,2023-11-25,"Adam, Fred, Kevin, Martin, Saul",7.3,7,7.4,7.7,5.7,7.02,"""GIMME TAZA"" - Martin",,53.383917,-6.2068448
128,2026-01-29T19:15:29.26+00:00,Molloy's,North (City),5.7,2024-10-04,"Cameron, Fred, Kevin, Mark, Matthew, Sadhbh N, Saul, Sophie",7.1,7.4,5.9,7.5,7.2,7.02,"""prime location"" - Sadhbh N",,53.3511395,-6.2513336
129,2026-01-29T19:15:29.26+00:00,O'Regan's,South (City),,2025-03-09,"Adam, Fred, Mia, Saul, Sophie",7.6,7.7,6.8,7.5,5.5,7.02,"""Minus points for being uncomfortable, dark and being the same dude who owns hogans"" - Sophie, ""I like the old movies they have on but they always the same"" - Mia",,53.3019909,-6.500224
130,2026-01-29T19:15:29.26+00:00,The Findlater,North,5.7,,"Adam, Martin, Matthew, Saul",7,7.3,6.9,7.2,6.7,7.02,"""bathroom smelled nice"" - Matthew, ""3 oysters and a Guinness for €11.50!!!!""",,53.3569746,-6.2645861
131,2026-01-29T19:15:29.26+00:00,Lucky's,South (City),6.1,,"Cameron, Matthew, Saul, Sophie",7.2,7.3,7.3,6.7,6.6,7.02,"""meh pub"" - Saul, ""A nice bar, a lovely night :)"" - Sophie, ""Loyle fucking carner"" - Matthew",,53.341574,-6.2784488
132,2026-01-29T19:15:29.26+00:00,The Bernard Shaw,North,5.9,2022-07-01,"Adam, Cameron, Fred, Martin, Saul",6.6,6.7,7.2,7.3,7.2,7,,,53.3317388,-6.2644492
133,2026-01-29T19:15:29.26+00:00,Jack O Rourke's,South,,2024-02-04,"Adam, Kevin, Mark, Martin, Saul",6.9,6.3,7.3,7.2,7.3,7,"""narnia"" - Adam",,53.3015086,-6.1778326
134,2026-01-29T19:15:29.26+00:00,Crowes,South,6.6,2024-12-18,"Alan, Cameron, Kevin, Manus, Mark, Martin, Matthew, Sadhbh N, Saul",7.5,7,5.9,7.2,7.4,7,"Possibly invalid rating as Manus failed to rate pub character. ""hiccup Joe"" - Alan, ""open fire"" - Sadhbh N, ""Alan can't hack it"" - Martin",,53.3291081,-6.2305605
135,2026-01-29T19:15:29.26+00:00,Clonliffe House ,North,5,,"Alan, Cameron, Mark, Podge, Saul",7.2,6.9,6.7,7.4,6.8,7,"""top gear"" - Saul, ""Dead pub glad al got a bad pint"" - Padraig, ""Mr. Phelan, take me to Bargain Town"" - Martin",,53.3611684,-6.2426291
136,2026-01-29T19:15:29.26+00:00,Walters,South,6.6,2025-06-27,"Cameron, Martin, Matthew, Saul",7.3,7.2,6.2,7.3,6.9,6.98,"""Roll n Roll"" - Martin",,53.2897873,-6.1300465
137,2026-01-29T19:15:29.26+00:00,The Raheny Inn,North,5.75,2022-11-11,"Cameron, Mark, Martin,  Manus, Podge",5.8,6.1,7.3,7.3,8.3,6.96,,,53.33306,-6.24889
138,2026-01-29T19:15:29.26+00:00,Grainger's Hanlons Corner,North,6.5,2025-07-19,"Adam, Cameron, Kevin, Mark, Martin, Matthew, Saul",7,7.2,6.6,7.4,6.6,6.96,"""woman rugby tackled me"" - Cam",,53.3573967,-6.288733
139,2026-01-29T19:15:29.26+00:00,The Gin Palace,North (City),6.9,2025-11-27,"Cameron, Kevin, Martin, Saul, Sophie SB",6.5,6.9,7.4,7,7,6.96,"""stunning looking x"" - Martin, ""cozy candlelit dinner"" - Cam",,53.3477642,-6.2634117
140,2026-01-29T19:15:29.26+00:00,Brú (Fairview)**,North,5.4,2022-08-02,"Cameron, Fred, Kevin, Martin",7.5,7.3,6.7,6.5,6.7,6.94,"""slurpy, sloppy shellfish - Martin",,53.33306,-6.24889
141,2026-01-29T19:15:29.26+00:00,The Bald Eagle,North,5.8,2022-12-23,"Adam, Cameron, Fred, Matthew, Saul, Sophie",7.3,7.1,6.3,6.8,7.2,6.94,"Padraig's rating removed as he failed to rate stickage. ""Bob Marley"" - Saul, ""Very watery head, did not appreciate. Tasted nice though, a solid 7 of a pub"" - Sophie, ""Enya was behind the bar"" - Matthew",,53.3639538,-6.2716453
142,2026-01-29T19:15:29.26+00:00,Corrigans,South,6.2,2024-12-07,"Adam, Cameron, Fred, Kevin, Mark, Rachael, Sadhbh D, Sadhbh N, Saul, Sophie",6.5,6.8,6.9,6.9,7.6,6.94,"""Rob Kearnage is framed on the wall, speaks for itself"" - Sadhbh N, ""happy birthday Sophie 2"" - Sadhbh D, ""yup leeds"" - Sophie, ""LEEDS LEEDS LEEDS"" - Kevin, ""We all hate Leeds scum"" - Saul",,53.3828263,-6.2768422
143,2026-01-29T19:15:29.26+00:00,McDaids,South (City),7.5,2025-11-08,"Cameron, Kevin, Ruairí, Saul",7.7,7.3,4.3,7.5,7.9,6.94,"""Feels like a little known secret. Tho it is pricey"" - Kevin, ""I like it here"" - Ruairi, ""This pub seems to be frequented by 50 year old cougars. Bit small"" - Cam",,53.3412245,-6.2610034
144,2026-01-29T19:15:29.26+00:00,Phil Ryan's Hogan Stand,North,,,"Cameron, Fred, Podge, Saul",7.4,7.1,4.8,7.5,7.9,6.94,"""too many brits"" - Padraig",,53.358411,-6.255886
145,2026-01-29T19:15:29.26+00:00,Gilbert and Wright,North,6.6,2023-12-10,"Alan, Fred, Kevin, Martin, Matthew, Podge, Saul",7.1,7.2,6.2,7.2,6.9,6.92,"""goooooooooooooaaaaaaallllllllllllllll!!!!!!!!"" - Martin, ""Hand dryer is not up to standard"" - Padraig",,53.4516886,-6.1536591
146,2026-01-29T19:15:29.26+00:00,Pawn Shop,South (City),6.95,2024-09-06,"Cameron, Kevin, Mark, Martin",7.1,7,7,7,6.5,6.92,"""they made us wait outside for no reason and I had to pee"" - Cameron, ""this was Sophies graduation night"" - Kevin, ""Ceiling sweat dripped into my pint, more please"" - Martin",,53.3439852,-6.2652659
147,2026-01-29T19:15:29.26+00:00,The Wiley Fox,North (City),6.7,2024-10-04,"Kevin, Mark, Matthew, Sadhbh N, Saul",6.8,6.8,6.4,7.2,7.4,6.92,,,53.3483317,-6.2560004
148,2026-01-29T19:15:29.26+00:00,Plunkets,North (City),6.8,2025-11-27,"Cameron, Fred, Matthew N, Mia, Sadhbh D, Saul, Sophie SB",6.3,7,7.2,7.1,7,6.92,"""Saul had but a sip of his pint left and the nice waitress came over to demand he had more. Goated spot"" - Cam, ""live music"" - Mia",,53.347936,-6.262467
149,2026-01-29T19:15:29.26+00:00,Davy Byrne's,South (City),6,,"Adam, Cameron, Martin, Matthew, Saul",7.4,7.5,6.2,7.5,6,6.92,"""shite pub"" - Saul, ""North face uniform"" - Matthew, ""Davy Byrne has me burning down the house"" - Martin",,53.3418428,-6.2593579
150,2026-01-29T19:15:29.26+00:00,Mary Mac's,South,6.7,2024-12-18,"Alan, Kevin, Manus, Mark, Martin, Matthew, Ruairí, Sadhbh N, Saul, Sophie",6.8,6.2,6.4,7.2,8,6.92,"""pub smells subtly like sewage and liquorice"" - Manus, ""The only gay in the village is..."" - Martin, ""mini eggs"" - Sadhbh N, ""The Mini egg machine elevated this place"" - Sophie",,53.3290475,-6.2303733
151,2026-01-29T19:15:29.26+00:00,Blackbanks,North,6.2,2024-08-15,"Cameron, Kevin, Mark, Matthew",6.6,7.1,5.7,7.4,7.6,6.88,,,53.3818718,-6.1520624
152,2026-01-29T19:15:29.26+00:00,Kavanaghs The Temple,North,6.9,2025-11-16,"Alan, Cameron, Kevin, Martin, Saul, Sophie SB",7.3,7.4,6.4,7.1,6.1,6.86,"""hash"" - Cam, ""bottom of the list so she is"" - Martin",,53.357352,-6.263712
153,2026-01-29T19:15:29.26+00:00,Horse Show House,South,6.9,2024-12-18,"Alan, Cameron, Kevin, Mark, Martin, Matthew, Saul, Sophie",6.9,6.9,6.7,7.5,6.2,6.84,"""no workman's please. Pint too cold to taste"" - Cam, ""There are two girls here, sitting opposite each other, drinking red wine and reading intermezzo"" - Sophie, ""Granite tables and no beer mats has annoyed me"" - Alan, ""Horse Cock Lounge"" - Martin",,53.3285197,-6.2289281
154,2026-01-29T19:15:29.26+00:00,Piper's Corner,North (City),5.8,2022-11-13,"Adam, Martin, Podge, Saul",7.2,6.2,5.8,7.7,7.2,6.82,,,53.3490472,-6.2579487
155,2026-01-29T19:15:29.26+00:00,The Swan,South (City),5.9,2022-06-30,"Cameron, Fred, Kevin, Martin, Manus, Saul",7.2,7.2,5.8,8.2,5.6,6.8,,,53.3396248,-6.2655463
156,2026-01-29T19:15:29.26+00:00,Juno,North,5.2,2022-12-10,"Adam, Fred, Martin, Matthew, Podge, Saul, Sophie",7,7.2,6.4,6.7,6.7,6.8,"""bar man did good pints, bar woman did bad pints"" - Matthew, ""yummy smokes"" - Padraig",,53.3610845,-6.259502
157,2026-01-29T19:15:29.26+00:00,Strand House,North,5.9,2024-03-22,"Cameron, Fred, Matthew, Saul",7.3,6.5,6.3,6.9,7,6.8,Possibly invalid rating as Fred didn't include his H2B - averaged based off the remaining three,,53.3196956,-6.2064773
158,2026-01-29T19:15:29.26+00:00,Sheehan's,South (City),6.2,,"Adam, Cameron, Fred, Mark, Saul",6.7,6.9,6,7.1,7.3,6.8,,,53.3409747,-6.2617663
159,2026-01-29T19:15:29.26+00:00,O'Connells (Howth),North,5.2,,"Adam, Manus, Matthew, Saul",7.5,7.3,5.5,7.2,6.5,6.8,"""this is a pub"" - Saul, ""toilet smells awful"" - Matthew, ""quite a generic spot"" - Manus",,53.388225,-6.0639896
160,2026-01-29T19:15:29.26+00:00,The Grand Social,North (City),5.8,2022-07-13,"Adam, Cameron, Fred, Martin, Saul",7.5,7.2,6.5,5.1,7.5,6.76,,,53.3468239,-6.2635756
161,2026-01-29T19:15:29.26+00:00,Sandymount House,South,5.75,2024-02-04,"Fred, Kevin, Martin, Matthew, Podge, Saul, Sophie",6.9,6.7,6.4,7.7,6,6.74,"""More like a living room than a pub"" - Padraig",,53.3323885,-6.2152784
162,2026-01-29T19:15:29.26+00:00,The Lotts,North (City),6.8,2025-11-27,"Cameron, Fred, Kevin, Saul, Sophie SB",7.1,6.4,7.6,6.5,6.1,6.74,"""Great pint but this the type of pub you bring your mam to for Sunday lunch"" - Kevin",,53.3473835,-6.2633194
163,2026-01-29T19:15:29.26+00:00,The Oarsman,South,5.7,2022-11-13,"Adam, Martin, Podge, Saul",7.2,6.9,5.6,6.9,7,6.72,,,53.3416674,-6.2277525
164,2026-01-29T19:15:29.26+00:00,Foley's Bar,South (City),6.8,2024-07-13,"Adam, Cameron, Fred, Kevin, Martin, Saul",6.8,7.1,6.2,7.8,5.7,6.72,"""resembles WATER at times"" - Cam",,53.3393,-6.2562
165,2026-01-29T19:15:29.26+00:00,The Ref Pub,North,6,2025-11-16,"Alan, Kevin, Martin, Saul",7,6.5,6.6,7.6,5.9,6.72,"""scary spot (fearing for my life)"" - Alan, ""feared for my life in here"" - Saul, ""I've heard of drinking to get legless but this is ridiculous"" - Martin",,53.3594532,-6.2448012
166,2026-01-29T19:15:29.261+00:00,Brickyard,South,5.7,,"Manus, Mark, Martin, Matthew, Saul",6.4,6.6,6.8,7.5,6.3,6.72,"""little bit USA for my taste. Not the Texas redneck type either, the hipster city vibe"" - Martin, ""I want to try the €28 beer"" - Matthew, ""Feels very contrived and corporate, typical southside"" - Manus",,53.2863405,-6.23705
167,2026-01-29T19:15:29.261+00:00,The Cobblestone ,North (City),,,"Cameron, Mark, Podge, Saul",6.3,4.5,7.3,7.8,7.6,6.7,"Martin's rating removed as he failed to rate stick. ""average pub average pint"" - Padraig",,53.3498476,-6.2778203
168,2026-01-29T19:15:29.261+00:00,Bruxelles,South (City),7.6,2025-11-08,"Cameron, Kevin, Ruairí, Saul",6.1,6.1,5,7.8,8.2,6.64,"""low ceilings make me feel like the green giant from the ads"" - Cam, ""I expected better from a pub of this stature. Also the low ceiling downstairs feels like it'd cave in if you pushed it hard enough"" - Kevin",,53.3413724,-6.2608444
169,2026-01-29T19:15:29.261+00:00,Neary's,South (City),7.25,2025-11-08,"Cameron, Kevin, Ruairí, Saul",6.5,6.8,6.3,7.8,5.8,6.64,"""I felt poor in this pub"" - Kevin, ""spooky smoking area"" - Cam, ""I like it but I think I am an outlier"" - Ruairí",,53.3406967,-6.2611424
170,2026-01-29T19:15:29.261+00:00,Dawson Lounge,South (City),7.2,2025-11-08,"Cameron, Kevin, Martin, Ruairí, Saul",6.2,6.4,4.8,7.3,8.4,6.62,"""I like the vibe"" - Ruairí, ""smol gaff and I love it"" - Cam, ""pint was more sour than the barman's BO"" - Martin",,53.3397657,-6.2588654
171,2026-01-29T19:15:29.261+00:00,Doyle's Corner,South (City),5.8,2022-12-23,"Adam, Fred, Matthew, Podge, Saul, Sophie",6.3,6.4,6.7,6.8,6.7,6.58,"Possible invalid rating as Fred did not rate pub character. ""My pint had more bubbles in it that a child’s 10th birthday party - disgraceful. Tastes a bit like you’ve had a night of Guinness and then vomited it up again"" - Fred, ""too much swank not for the boys"" - Padraig, ""Kevin thinks it's okay to be racist"" - Matthew",,53.3607926,-6.2726879
172,2026-01-29T19:15:29.261+00:00,The Yacht,North,5.8,2022-09-09,"Adam, Cameron, Martin, Podge",6.5,6.4,5.4,6.9,7.6,6.56,,,53.361765,-6.2151351
173,2026-01-29T19:15:29.261+00:00,Ciss Maddens,South (City),6.5,2024-05-05,"Alan, Cameron, Kevin, Martin, Matthew, Saul, Sophie",7.3,6.8,5.6,6.4,6.7,6.56,,,53.33306,-6.24889
174,2026-01-29T19:15:29.261+00:00,J. W. Sweetman's,South (City),5.9,2022-07-23,"Adam, Cameron, Fred, Saul",6.6,6.7,5.6,6.6,7.3,6.56,,,53.3470014,-6.2581487
175,2026-01-29T19:15:29.261+00:00,Mullet's,North (City),6,2024-10-04,"Cameron, Fred, Mark, Sadhbh N, Saul, Sophie",6.8,6.8,6,6.9,6.2,6.54,"""There's a pistol on the wall I think that's cool"" - Cam, ""Can't tell if the ra memorabilia makes this place better or worse"" - Sophie, ""I was kinda scared I'd be kneecapped ngl"" - Sadhbh N",,53.3525793,-6.2493006
176,2026-01-29T19:15:29.261+00:00,Pantibar,North (City),6.8,2024-11-02,"Adam, Cameron, Kevin, Martin",6.4,6.4,5.6,7.3,7,6.54,,,53.3466149,-6.2677935
177,2026-01-29T19:15:29.261+00:00,The Back Page,North,6,2022-12-23,"Adam, Matthew, Podge, Saul",6.4,6.5,5,7.7,7.1,6.54,"Possibly invalid rating as Saul did not rate stickage. ""martins infinite bar of coins"" - Saul, ""festive jingle of coins"" - Padraig",,53.3585219,-6.2729495
178,2026-01-29T19:15:29.261+00:00,The Bridge 1859,South,6.8,2024-12-18,"Alan, Kevin, Manus, Ruairí, Saul",6.7,6.9,7,7.5,4.5,6.52,"""Ster"" - Alan, ""Ballsbridge"" - Ruairí",,53.3456317,-6.275708
179,2026-01-29T19:15:29.261+00:00,Slattery's,South,6,2022-11-13,"Adam, Mark, Martin, Podge, Saul",6.3,6.4,5.9,5.9,8,6.5,,,53.3373242,-6.2342544
180,2026-01-29T19:15:29.261+00:00,The Abbey Tavern,North,5.5,,"Adam, Manus, Matthew, Saul",6.8,6.6,6.4,7.4,5.3,6.5,"""quite a generic spot"" - Manus, ""a guy from Mount Temple works here"" - Matthew",,53.3951819,-6.3112476
181,2026-01-29T19:15:29.261+00:00,Fitzgerald's Bar,South (City),7.3,2024-12-28,"Alan, Fred, Kevin, Matthew, Saul, Sophie",6.6,6.6,6,6.9,6.3,6.48,"""that pint tasted of nothing"" - Sophie",,53.33306,-6.24889
182,2026-01-29T19:15:29.261+00:00,Portobello Bar,South (City),6.5,2024-12-07,"Adam, Cameron, Fred, Kevin, Rachael, Sadhbh N, Saul, Sophie",7.1,6.4,6,6.3,6.4,6.44,"""minus friend points for saul. A truly evil individual."" - Adam, ""Utter posh nonsense"" - Kevin, ""the brunch looks overpriced"" - Sadhbh N",,53.3303497,-6.2640955
183,2026-01-29T19:15:29.261+00:00,J.T. Pim's,South (City),5.6,2022-06-30,"Cameron, Fred, Kevin, Martin, Saul",7.2,7,6.7,6.4,4.8,6.42,,,53.3437155,-6.2642627
184,2026-01-29T19:15:29.261+00:00,The Ramble Inn,North,,2023-12-10,"Alan, Kevin, Matthew, Podge",7,6.6,6.7,7.7,4,6.4,,,53.3754618,-6.2095
185,2026-01-29T19:15:29.261+00:00,The Oval,North (City),,2024-12-28,"Alan, Kevin, Matthew N, Mia, Paul Byrne, Saul, Sophie",6.3,6.7,4.8,6.5,7.6,6.38,"""yay live music"" - Mia, ""live music helps sometimes but a poor selection"" - Paul Byrne, ""tourist pub. Big flex ""est 1820, rebuilt after the 1916 rising"""" - Sophie, ""no seats upstairs cunts"" - Alan",,53.3314038,-6.230938
186,2026-01-29T19:15:29.261+00:00,Merrion Inn,South,6.7,2024-02-04,"Fred, Kevin, Mark, Martin, Matthew, Podge, Saul, Sophie",7,6.4,6,7,5.3,6.34,"""terraces off the dart line near Connolly type beat"" - Padraig",,53.3183462,-6.2111999
187,2026-01-29T19:15:29.261+00:00,The Vintage Inn,South,5.6,2022-11-13,"Adam, Martin, Podge, Saul",5.9,6.5,4,7.3,7.8,6.3,,,53.3386881,-6.2229321
188,2026-01-29T19:15:29.261+00:00,Guinness Storehouse Stoutie*,South (City),0,,"Mark, Martin, Matthew, Saul",7.2,7.3,6,8.2,2.8,6.3,"""cute flick of the boys"" - Matthew, ""sour sour, happy hour, I did devour. Dower, dower, not a wower. Served to me in a Guinness tower"" - Martin",,53.33306,-6.24889
189,2026-01-29T19:15:29.261+00:00,O’Neill's (Dun Laoghaire),South,5.2,2022-10-15,"Cameron, Martin, Matthew, Podge, Sophie",6.2,6.1,5.6,7.2,6.3,6.28,,,53.291744,-6.1350718
190,2026-01-29T19:15:29.261+00:00,John's Bar & Haberdashery,South (City),6.2,2024-11-22,"Cameron, Fred, Kevin, Martin, Ruairí, Saul",5.9,6.5,5.7,7.2,6,6.26,"""Wheelie Gonzales"" - Martin, ""I like the songs, skateboaridng is gay"" - Cam",,53.3426862,-6.2775224
191,2026-01-29T19:15:29.261+00:00,Murray's,North (City),6.2,,"Alan, Matthew, Saul, Sophie",6.7,6.6,5.6,7.4,5,6.26,"Notably everyone rated pub character a 5. ""Tourist trap"" - Sophie",,53.5252529,-6.1653253
192,2026-01-29T19:15:29.261+00:00,Beaumont House,North,5.7,2022-06-25,"Adam, Kevin, Martin, Saul",7,6.3,6,6.2,5.5,6.2,"The pint had a distinct coffee taste with a nice creamy head, a little too cabonated and just a fraction colder than I like it. The first sip was an absolute delight but quicky declined as we continued drinking. Pub had a quiet atmosphere focused on the GAA match. Staff were nice and good craic, pub smells like eggs and the carpet's a little past its sell-by-date.",,53.3856278,-6.2329413
193,2026-01-29T19:15:29.261+00:00,The Sugarclub,South (City),,,"Alan, Martin, Podge, Saul",6.5,6.6,3.2,7.5,6.6,6.08,"""funny innit"" - Saul, ""funny funny"" - Padraig",,53.3355141,-6.2566306
194,2026-01-29T19:15:29.261+00:00,The Comet,North,5.5,2022-06-25,"Adam, Fred, Kevin, Martin, Saul",5.6,6.6,7.1,6.3,4.4,6,"Super slow service, which led to a flat pint. It really does feel like a crap Irish pub in Benidorm. Pint was sloppy, thin and too cold but the texture improved as I drank. Fred's comment was ""nice clean glass"", which is weird to me. Overall a mediocre pint with an almost sickly taste .The pub was busy and yet unwelcoming - The Comet is best for food which we are not taking into account for our scores (this is a guinness ranking after all).",,53.3884688,-6.2462464
195,2026-01-29T19:15:29.261+00:00,Bootleg**,South (City),6.5,2025-02-08,"Adam, Cameron, Kevin, Martin, Saul",5.9,5.3,5.9,6.5,5.8,5.88,"""1 second in: Daddy kind of likey
5 seconds in: Daddy somewhat likely
30 seconds in: Daddy no likey
1 minute in: Daddy hatey"" - Martin",,53.33306,-6.24889
196,2026-01-29T19:15:29.261+00:00,The Pavilion Bar,South (City),5.9,2025-01-30,"Fred, Kevin, Matthew, Sophie",6.2,5.7,4.9,6.9,5.5,5.84,,,53.33306,-6.24889
197,2026-01-29T19:15:29.261+00:00,The Merry Cobbler,South,5.8,2022-11-13,"Adam, Martin, Podge, Saul",5.2,5.4,4.8,6.1,7.7,5.84,,,53.3385836,-6.2225999
198,2026-01-29T19:15:29.261+00:00,R.I.O.T,South (City),5.9,2022-10-22,"Adam, Mark, Martin, Saul",6.3,6,6.7,5,5,5.8,,,53.3462583,-6.2615322
199,2026-01-29T19:15:29.261+00:00,Wigwam,North (City),6.6,2025-11-07,"Cameron, Fred, Kevin, Rebecca, Sophie SB",7.2,5.8,5.4,4.5,5.6,5.7,,,53.3480043,-6.2621526
200,2026-01-29T19:15:29.261+00:00,The Bar With No Name,South (City),6.5,2024-02-10,"Cameron, Fred, Kevin, Matthew",6.7,5.8,3.1,7.2,5.5,5.66,,,53.3419024,-6.264235
201,2026-01-29T19:15:29.261+00:00,Dublin One Hotel*,North,6.8,2025-11-16,"Alan, Cameron, Kevin, Martin, Saul, Sophie SB",6,6.2,6.1,6.4,3.5,5.64,"""gorilla warfare"" - Sophie SB, ""gorilla warfare"" - Saul, ""gorillas in the mist"" - Alan, ""gorilla theory"" - Kevin",,53.33306,-6.24889
202,2026-01-29T19:15:29.261+00:00,The Green Room Bar,North (City),7,2025-11-02,"Adam, Fred, Kevin, Rebecca",4.3,4.6,6.3,5.8,6.8,5.56,"""Shit pint but would actually recommend this pub for before gigs in the 3arena, they always play whatever band is on"" - Kevin, ""Yucky"" - Adam",,53.33306,-6.24889
203,2026-01-29T19:15:29.261+00:00,Copperface Jack's,South (City),6,2022-10-25,"Cameron, Mark, Martin, Saul",4.7,5.9,5.7,3.5,7.5,5.46,,,53.335436,-6.2635091
204,2026-01-29T19:15:29.261+00:00,Idlewild / The Market Bar,South (City),7.25,2025-11-08,"Cameron, Kevin, Martin, Saul",5.7,6.3,4.1,5.2,5.4,5.34,"""comfy sofa is a welcome addition to this night"" - Cam, ""idle pints are the devil's workshop"" - Martin, ""got given a plastic cup and everyone else got a glass. fucking shafted"" - Kevin",,53.3420522,-6.2640363
205,2026-01-29T19:15:29.261+00:00,Hartigans,South (City),6.9,2025-03-08,"Cameron, Kevin, Mia, Sadhbh D",6.2,5.8,6.9,6.3,1.3,5.3,"""Quite watery, price point is high for what it is, saved by the stickage and H2B this pint was mid"" - Cam, ""bartender shouted at Riya. Also mine and Kevin's chairs were too short and lilys was too long"" - Mia, ""I feel like I'm in a GAA changing room"" - Sadhbh D, ""Worst skidmark I've ever seen in a pub toilet"" - Kevin",,53.3359903,-6.2565721
206,2026-01-29T19:15:29.261+00:00,Flannery's,South (City),6,2022-10-01,"Adam, Alan, Martin, Saul",4.4,4.8,4.3,5.9,5.2,4.92,,,53.3361267,-6.2650142
207,2026-01-29T19:15:29.261+00:00,Airport Cafe Bar*,North,6.4,,"Adam, Fred, Podge, Saul",3.5,5.5,4.5,6.6,2.9,4.6,"""we are not in a pub"" - Padraig",,53.33306,-6.24889
208,2026-01-29T19:15:29.261+00:00,The Shakespeare,North (City),5,2022-07-23,"Adam, Cameron, Martin, Saul",3.6,6,3.6,2,5.3,4.1,,,53.3530491,-6.2608021
209,2026-01-29T19:15:29.261+00:00,*Definitely not a pub,,,,,,,,,,,,,,
210,2026-01-29T19:15:29.261+00:00,**Closed down,,,,,,,,,,,,,,